{
  "hpitem1": {
    "max": 90,
    "title": "HP%",
    "subType": 0,
    "item": 266,
    "min": 51,
    "on": false
  },
  "foodItems": [
    {
      "count": 1,
      "id": 3582
    },
    {
      "count": 1,
      "id": 3577
    },
    {
      "count": 9,
      "id": 3583
    }
  ],
  "autoEquip": [
    {
      "item1": 3052,
      "title": "Auto Equip",
      "item2": 3089,
      "on": false,
      "slot": 9
    },
    {
      "item1": 0,
      "title": "Auto Equip",
      "item2": 0,
      "on": false,
      "slot": 0
    },
    {
      "item1": 0,
      "title": "Auto Equip",
      "item2": 0,
      "on": false,
      "slot": 0
    },
    {
      "item1": 0,
      "title": "Auto Equip",
      "item2": 0,
      "on": false,
      "slot": 0
    }
  ],
  "healing2": {
    "max": 50,
    "title": "HP%",
    "on": false,
    "min": 0,
    "text": "exura vita"
  },
  "hasteSpell": "utani hur",
  "manaitem2": {
    "max": 50,
    "title": "MP%",
    "subType": 0,
    "item": 3157,
    "min": 0,
    "on": false
  },
  "_configs": {
    "cavebot_configs": {
      "enabled": false
    },
    "targetbot_configs": {
      "enabled": false
    }
  },
  "healing1": {
    "max": 73,
    "title": "HP%",
    "on": true,
    "min": 0,
    "text": "exura vita"
  },
  "AnalysersPanel": {
    "bestHit": 3319,
    "bestHeal": 3677,
    "lootItems": [
      "iron ore",
      "gold coin"
    ]
  },
  "dropItems": [
    {
      "id": 283,
      "count": 1
    },
    {
      "id": 284,
      "count": 1
    },
    {
      "id": 285,
      "count": 1
    }
  ],
  "_macros": {
    "": false,
    "Send message on trade": false,
    "Exchange money": false,
    "mana shield": false,
    "haste": false,
    "eat food": true
  },
  "manaitem1": {
    "max": 90,
    "title": "MP%",
    "subType": 0,
    "item": 238,
    "min": 0,
    "on": true
  },
  "hpitem2": {
    "max": 50,
    "title": "HP%",
    "subType": 0,
    "item": 3160,
    "min": 0,
    "on": false
  },
  "manaShield": "adori blank",
  "autoTradeMessage": "adori blank",
  "antiParalyze": "utani hur",
  "manaTrain": {
    "max": 100,
    "title": "MP%",
    "on": false,
    "min": 90,
    "text": "adori gran mort"
  }
}